PHONE	US	E164	true	+12015550123
PHONE	US	NATIONAL	false	(201) 555-0123
PHONE	US	INTERNATIONAL	true	+1 201-555-0123
PHONE	US	DIGITS	false	2015550123
PHONE	GB	E164	true	+447400123456
PHONE	GB	NATIONAL	false	07400 123456
PHONE	GB	INTERNATIONAL	true	+44 7400 123456
PHONE	GB	DIGITS	false	07400123456
PHONE	FR	E164	true	+33612345678
PHONE	FR	NATIONAL	false	06 12 34 56 78
PHONE	FR	INTERNATIONAL	false	+33 6 12 34 56 78
PHONE	FR	DIGITS	false	0612345678
PHONE	DE	E164	true	+4915123456789
PHONE	DE	NATIONAL	false	01512 3456789
PHONE	DE	INTERNATIONAL	true	+49 1512 3456789
PHONE	DE	DIGITS	false	015123456789
PHONE	FI	E164	true	+358412345678
PHONE	FI	NATIONAL	false	041 2345678
PHONE	FI	INTERNATIONAL	true	+358 41 2345678
PHONE	FI	DIGITS	false	0412345678
PHONE	IN	E164	true	+918123456789
PHONE	IN	NATIONAL	false	081234 56789
PHONE	IN	INTERNATIONAL	true	+91 81234 56789
PHONE	IN	DIGITS	false	08123456789
PHONE	JP	E164	true	+819012345678
PHONE	JP	NATIONAL	false	090-1234-5678
PHONE	JP	INTERNATIONAL	true	+81 90-1234-5678
PHONE	JP	DIGITS	false	09012345678
PHONE	CA	E164	true	+15062345678
PHONE	CA	NATIONAL	false	(506) 234-5678
PHONE	CA	INTERNATIONAL	true	+1 506-234-5678
PHONE	CA	DIGITS	false	5062345678
PHONE	KR	E164	true	+821020000000
PHONE	KR	NATIONAL	false	010-2000-0000
PHONE	KR	INTERNATIONAL	true	+82 10-2000-0000
PHONE	KR	DIGITS	false	01020000000
REGEX	0	true
REGEX	1	false
REGEX	2	true
REGEX	3	false
REGEX	4	true
REGEX	5	false
REGEX	6	true
REGEX	7	false
REGEX	8	true
REGEX	9	false
REGEX	10	true
REGEX	11	true
REGEX	12	false
REGEX	13	true
REGEX	14	true
REGEX	15	false
REGEX	16	false
REGEX	17	true
REGEX	18	true
REGEX	19	true
REGEX	20	false
REGEX	21	true
REGEX	22	false
REGEX	23	false
REGEX	24	false
REGEX	25	true
REGEX	26	false
